species,ts,te
Australopithecus afarensis,3.7,3
Australopithecus africanus,3,2.4
Australopithecus anamensis,4.2,3.9
Australopithecus bahrelghazali,3.58,3.58
Australopithecus deyiremeda,3.5,3.3
Australopithecus garhi,2.5,2.45
Australopithecus sediba,1.98,1.98
Homo erectus,1.81,0.027
Homo ergaster,1.7,1.4
Homo floresiensis,0.075,0.017
Homo habilis sensu lato,2.35,1.65
Homo heidelbergensis,0.7,0.1
Homo neanderthalensis,0.13,0.04
Homo sapiens,0.3,0
Paranthropus aethiopicus,2.66,2.3
Paranthropus boisei,2.3,1.3
Paranthropus robustus,2,1