gene_symbol	set
FOXP2	convergent
CNTNAP2	convergent
MTOR	convergent
AUTS2	convergent
SRGAP2	convergent
SLITRK1	convergent
DISC1	convergent
NRXN1	convergent
NLGN3	convergent
NLGN4X	convergent
SHANK2	convergent
SHANK3	convergent
SYNGAP1	convergent
GRIN2B	convergent
GRIN2A	convergent
CAMK2A	convergent
CAMK2B	convergent
CREB1	convergent
BDNF	convergent
NTRK2	convergent
ARC	convergent
EGR1	convergent
FOS	convergent
NPAS4	convergent
RPS6KB1	convergent
EIF4E	convergent
EIF4EBP2	convergent
TSC1	convergent
TSC2	convergent
RHEB	convergent
AKT1	convergent
AKT2	convergent
GSK3B	convergent
MAPK1	convergent
MAPK3	convergent
BRAF	convergent
RAF1	convergent
HRAS	convergent
KRAS	convergent
NRAS	convergent
PTPN5	convergent
DUSP6	convergent
DUSP1	convergent
CDC42	convergent
RAC1	convergent
RACGAP1	convergent
PAK1	convergent
PAK3	convergent
LIMK1	convergent
CFL1	convergent
CFL2	convergent
ACTB	convergent
ACTG1	convergent
ARPC2	convergent
ARPC3	convergent
WASF1	convergent
WASF2	convergent
CYFIP1	convergent
CYFIP2	convergent
FMR1	convergent
FXR1	convergent
FXR2	convergent
TSC22D2	convergent
SCN1A	conserved
SCN2A	conserved
SCN3A	conserved
SCN8A	conserved
KCNQ2	conserved
KCNQ3	conserved
KCNC1	conserved
KCNC2	conserved
KCNC3	conserved
KCNC4	conserved
KCNA1	conserved
KCNA2	conserved
KCNA4	conserved
KCNB1	conserved
KCNB2	conserved
CACNA1A	conserved
CACNA1B	conserved
CACNA1C	conserved
CACNA1D	conserved
CACNA1E	conserved
CACNA1G	conserved
CACNA1H	conserved
CACNA1I	conserved
SNAP25	conserved
STX1A	conserved
STX1B	conserved
VAMP1	conserved
VAMP2	conserved
SYT1	conserved
SYT2	conserved
SYT3	conserved
SYT4	conserved
SYT5	conserved
SYT7	conserved
SYT9	conserved
RAB3A	conserved
RAB3B	conserved
RAB3C	conserved
RAB3D	conserved
RIM1	conserved
RIM2	conserved
UNC13A	conserved
UNC13B	conserved
UNC13C	conserved
STXBP1	conserved
STXBP2	conserved
STXBP3	conserved
NSF	conserved
NAPA	conserved
NAPB	conserved
GNAO1	conserved
GNB1	conserved
GNG2	conserved
GNG3	conserved
GNG4	conserved
GNG5	conserved
GNG7	conserved
GNG10	conserved
GNG12	conserved
GNG13	conserved
GABRA1	conserved
GABRA2	conserved
GABRA3	conserved
GABRB1	conserved
GABRB2	conserved
GABRB3	conserved
GABRG2	conserved
GABRG3	conserved
GABRD	conserved
GRIA1	conserved
GRIA2	conserved
GRIA3	conserved
GRIA4	conserved
GRIK1	conserved
GRIK2	conserved
GRIK3	conserved
GRIK4	conserved
GRIK5	conserved
GRIN1	conserved
GRIN2C	conserved
GRIN2D	conserved
GRM1	conserved
GRM2	conserved
GRM3	conserved
GRM4	conserved
GRM5	conserved
GRM7	conserved
GRM8	conserved