concept,distance,n_families,n_pairs,class,pagel
i,0.585,108,25302,SLOW,1
water,0.586,109,32653,SLOW,1
you,0.595,107,24798,SLOW,1
name,0.609,105,24302,SLOW,1
eye,0.614,109,32402,SLOW,1
ear,0.62,108,31982,SLOW,1
tree,0.627,108,28887,SLOW,0
tooth,0.627,108,30988,SLOW,1
bone,0.628,109,29272,SLOW,1
louse,0.629,106,21965,SLOW,0
two,0.63,109,31978,SLOW,1
fire,0.631,109,32060,SLOW,1
dog,0.637,109,32249,SLOW,1
tongue,0.639,107,29116,SLOW,1
hand,0.643,107,28622,SLOW,1
nose,0.643,108,31072,SLOW,1
blood,0.644,109,30505,SLOW,1
horn,0.651,75,15343,SLOW,0
eat,0.658,60,3802,SLOW,0
new,0.658,105,21964,SLOW,0
path,0.659,107,24895,SLOW,0
breasts,0.662,105,25513,SLOW,0
drink,0.662,103,25530,SLOW,0
we,0.665,106,23110,SLOW,1
mouth,0.667,57,3722,SLOW,0
sun,0.667,109,29009,SLOW,1
one,0.67,109,30904,SLOW,1
stone,0.672,109,29126,SLOW,1
who,0.674,47,2573,SLOW,0
skin,0.676,108,26733,SLOW,0
man,0.679,55,3628,SLOW,0
fish,0.69,105,27803,FAST,0
head,0.69,61,4297,FAST,0
come,0.691,107,26567,FAST,0
moon,0.691,54,3885,FAST,0
hear,0.691,104,23388,FAST,0
night,0.692,108,28285,FAST,1
person,0.692,105,21716,FAST,0
bird,0.692,58,4024,FAST,1
leaf,0.693,107,26767,FAST,0
die,0.695,102,25903,FAST,1
knee,0.699,106,22113,FAST,0
egg,0.7,58,3641,FAST,0
smoke,0.702,57,3781,FAST,0
star,0.703,108,27562,FAST,1
liver,0.706,100,18951,FAST,0
ash,0.706,53,3266,FAST,0
sleep,0.71,53,2946,FAST,0
woman,0.711,56,3821,FAST,0
rain,0.714,57,3306,FAST,0
long,0.714,49,2689,FAST,0
foot,0.716,53,2533,FAST,0
tail,0.717,52,3321,FAST,0
black,0.723,54,3155,FAST,0
neck,0.724,52,3119,FAST,0
feather,0.725,41,2116,FAST,0
white,0.726,54,3492,FAST,0
heart,0.728,47,3002,FAST,0
yellow,0.729,37,1769,FAST,0
flesh,0.731,40,2094,FAST,0
grease,0.731,38,1910,FAST,0
full,0.731,92,13942,FAST,1
mountain,0.733,105,22064,FAST,0
hair,0.734,54,3307,FAST,0
belly,0.734,55,3622,FAST,0
see,0.735,106,26080,FAST,0
not,0.737,33,1290,FAST,0
give,0.738,56,3167,FAST,0
dry,0.739,40,2088,FAST,0
what,0.743,43,2524,FAST,0
green,0.743,34,1538,FAST,0
stand,0.746,47,2534,FAST,0
root,0.746,46,2891,FAST,0
sit,0.748,50,2618,FAST,0
bark,0.75,39,2027,FAST,0
earth,0.751,48,2611,FAST,0
cloud,0.752,51,2943,FAST,0
claw,0.755,35,1457,FAST,0
know,0.755,44,1749,FAST,0
big,0.755,50,2908,FAST,0
lie,0.758,32,1512,FAST,0
bite,0.758,46,2442,FAST,0
kill,0.761,49,2340,FAST,0
this,0.764,40,1795,FAST,0
say,0.765,46,2327,FAST,0
fly,0.768,43,2032,FAST,0
red,0.768,51,2996,FAST,0
walk,0.769,41,2210,FAST,0
burn,0.776,41,1920,FAST,0
good,0.777,54,3557,FAST,0
swim,0.782,34,1810,FAST,0
round,0.784,21,973,FAST,0
sand,0.785,46,3165,FAST,0
small,0.789,48,2845,FAST,0
seed,0.789,43,1679,FAST,0
cold,0.793,50,2661,FAST,0
hot,0.793,45,2315,FAST,0
that,0.803,39,1778,FAST,0
many,0.818,36,2054,FAST,0
all,0.829,44,1882,FAST,0
